,station,latitude,longitude,year,aqi_pm10,kualitas_udara,month,PM10,musim
0,Aotizhongxin,39.9092,116.3972,2013,79.65592833587525,Sedang,,,
1,Aotizhongxin,39.9092,116.3972,2014,84.03307713555334,Sedang,,,
2,Aotizhongxin,39.9092,116.3972,2015,79.26281652099263,Sedang,,,
3,Aotizhongxin,39.9092,116.3972,2016,70.50599427666609,Sedang,,,
4,Changping,40.2,116.2,2013,68.91971124208627,Sedang,,,
5,Changping,40.2,116.2,2014,76.75124363534539,Sedang,,,
6,Changping,40.2,116.2,2015,70.16436567835929,Sedang,,,
7,Changping,40.2,116.2,2016,66.39517592735949,Sedang,,,
8,Dingling,40.235,116.196,2013,62.74700753067653,Sedang,,,
9,Dingling,40.235,116.196,2014,68.7861202243546,Sedang,,,
10,Dingling,40.235,116.196,2015,66.11216155882231,Sedang,,,
11,Dingling,40.235,116.196,2016,63.45594325970962,Sedang,,,
12,Dongsi,39.933,116.416,2013,75.62959398363043,Sedang,,,
13,Dongsi,39.933,116.416,2014,81.79980112338608,Sedang,,,
14,Dongsi,39.933,116.416,2015,79.19662095669945,Sedang,,,
15,Dongsi,39.933,116.416,2016,74.45652250020473,Sedang,,,
16,Guanyuan,39.951,116.309,2013,77.09517059209823,Sedang,,,
17,Guanyuan,39.951,116.309,2014,81.2225324060626,Sedang,,,
18,Guanyuan,39.951,116.309,2015,76.4236464982133,Sedang,,,
19,Guanyuan,39.951,116.309,2016,75.44934274477701,Sedang,,,
20,Gucheng,39.913,116.204,2013,79.47960752281297,Sedang,,,
21,Gucheng,39.913,116.204,2014,90.14381041526563,Sedang,,,
22,Gucheng,39.913,116.204,2015,81.34931304499894,Sedang,,,
23,Gucheng,39.913,116.204,2016,78.46881183420618,Sedang,,,
24,Huairou,40.43,116.64,2013,71.20236841642054,Sedang,,,
25,Huairou,40.43,116.64,2014,73.29582980256288,Sedang,,,
26,Huairou,40.43,116.64,2015,68.07048343273838,Sedang,,,
27,Huairou,40.43,116.64,2016,64.39157481303317,Sedang,,,
28,Nongzhanguan,39.932,116.45,2013,75.15739381747181,Sedang,,,
29,Nongzhanguan,39.932,116.45,2014,86.01350374095803,Sedang,,,
30,Nongzhanguan,39.932,116.45,2015,77.02483581230045,Sedang,,,
31,Nongzhanguan,39.932,116.45,2016,71.72066625033695,Sedang,,,
32,Shunyi,40.13,116.652,2013,70.59434324194342,Sedang,,,
33,Shunyi,40.13,116.652,2014,78.8302879063488,Sedang,,,
34,Shunyi,40.13,116.652,2015,73.21109998823825,Sedang,,,
35,Shunyi,40.13,116.652,2016,66.90482071492868,Sedang,,,
36,Tiantan,39.884,116.414,2013,77.36756896136994,Sedang,,,
37,Tiantan,39.884,116.414,2014,80.55927082295264,Sedang,,,
38,Tiantan,39.884,116.414,2015,74.74837042897997,Sedang,,,
39,Tiantan,39.884,116.414,2016,71.72526143819842,Sedang,,,
40,Wanliu,39.979,116.307,2013,79.33997964189874,Sedang,,,
41,Wanliu,39.979,116.307,2014,88.37476859654718,Sedang,,,
42,Wanliu,39.979,116.307,2015,76.66663493873914,Sedang,,,
43,Wanliu,39.979,116.307,2016,69.62121435661086,Sedang,,,
44,Wanshouxigong,39.905,116.307,2013,78.8564323459264,Sedang,,,
45,Wanshouxigong,39.905,116.307,2014,86.38165544202661,Sedang,,,
46,Wanshouxigong,39.905,116.307,2015,78.78424954987501,Sedang,,,
47,Wanshouxigong,39.905,116.307,2016,72.51623604952628,Sedang,,,
0,Aotizhongxin,,,2014,85.97844296624784,,1.0,125.67073170731707,Musim Dingin
1,Aotizhongxin,,,2015,80.67924016282225,,1.0,114.96417910447762,Musim Dingin
2,Aotizhongxin,,,2016,66.78122255160298,,1.0,86.88451086956522,Musim Dingin
3,Aotizhongxin,,,2014,98.38402400730119,,2.0,150.73506891271057,Musim Dingin
4,Aotizhongxin,,,2015,84.94670846394985,,2.0,123.58620689655173,Musim Dingin
5,Aotizhongxin,,,2016,53.680022771063236,,2.0,60.414739884393065,Musim Dingin
6,Aotizhongxin,,,2013,95.05050505050505,,3.0,144.0,Musim Semi
7,Aotizhongxin,,,2014,96.45618822634952,,3.0,146.84005376344086,Musim Semi
8,Aotizhongxin,,,2015,100.71058181263943,,3.0,155.43566529492458,Musim Semi
9,Aotizhongxin,,,2016,100.69415306915307,,3.0,155.40247252747253,Musim Semi
10,Aotizhongxin,,,2013,77.33337542087543,,4.0,108.20416666666667,Musim Semi
11,Aotizhongxin,,,2014,107.95999691572212,,4.0,170.0824427480916,Musim Semi
12,Aotizhongxin,,,2015,90.4641819034224,,4.0,134.7337552742616,Musim Semi
13,Aotizhongxin,,,2016,80.53733105704937,,4.0,114.6774647887324,Musim Semi
14,Aotizhongxin,,,2013,93.45588954056696,,5.0,140.77822580645162,Musim Semi
15,Aotizhongxin,,,2014,90.57114487263945,,5.0,134.9498641304348,Musim Semi
16,Aotizhongxin,,,2015,78.38698303792643,,5.0,110.33288409703503,Musim Semi
17,Aotizhongxin,,,2016,61.493732999822306,,5.0,76.20162381596752,Musim Semi
18,Aotizhongxin,,,2013,87.48602693602695,,6.0,128.71666666666667,Musim Panas
19,Aotizhongxin,,,2014,53.98074186777116,,6.0,61.02231520223152,Musim Panas
20,Aotizhongxin,,,2015,66.11068188971872,,6.0,85.52974504249292,Musim Panas
21,Aotizhongxin,,,2016,59.365548897105704,,6.0,71.90182328190744,Musim Panas
22,Aotizhongxin,,,2013,66.03192300362112,,7.0,85.37061994609165,Musim Panas
23,Aotizhongxin,,,2014,70.02969998492387,,7.0,93.44776119402985,Musim Panas
24,Aotizhongxin,,,2015,65.11813254496181,,7.0,83.52439024390245,Musim Panas
25,Aotizhongxin,,,2016,62.39352970262061,,7.0,78.01958041958042,Musim Panas
26,Aotizhongxin,,,2013,65.57905669599218,,8.0,84.45564516129032,Musim Panas
27,Aotizhongxin,,,2014,65.0927863541071,,8.0,83.47318059299191,Musim Panas
28,Aotizhongxin,,,2015,58.938773822812024,,8.0,71.03956343792633,Musim Panas
29,Aotizhongxin,,,2016,48.24386332798816,,8.0,49.431478968792405,Musim Panas
30,Aotizhongxin,,,2013,75.7702231225908,,9.0,105.04596100278552,Musim Gugur
31,Aotizhongxin,,,2014,74.6161714365881,,9.0,102.71430555555555,Musim Gugur
32,Aotizhongxin,,,2015,58.95339858386403,,9.0,71.0691114245416,Musim Gugur
33,Aotizhongxin,,,2016,57.857068539471975,,9.0,68.85407725321889,Musim Gugur
34,Aotizhongxin,,,2013,83.214293472358,,10.0,120.08602150537635,Musim Gugur
35,Aotizhongxin,,,2014,103.36388645742153,,10.0,160.79642365887207,Musim Gugur
36,Aotizhongxin,,,2015,71.97814163136744,,10.0,97.38440860215054,Musim Gugur
37,Aotizhongxin,,,2016,72.94743657901553,,10.0,99.34278002699055,Musim Gugur
38,Aotizhongxin,,,2013,76.06094276094277,,11.0,105.63333333333334,Musim Gugur
39,Aotizhongxin,,,2014,89.45522543874499,,11.0,132.69525139664805,Musim Gugur
40,Aotizhongxin,,,2015,88.66293399438675,,11.0,131.09449929478137,Musim Gugur
41,Aotizhongxin,,,2016,86.23146745230079,,11.0,126.18194444444444,Musim Gugur
42,Aotizhongxin,,,2013,76.57704735527317,,12.0,106.6760752688172,Musim Dingin
43,Aotizhongxin,,,2014,72.5086170988233,,12.0,98.45618556701031,Musim Dingin
44,Aotizhongxin,,,2015,106.2040404040404,,12.0,166.534693877551,Musim Dingin
45,Aotizhongxin,,,2016,95.84655437279932,,12.0,145.60834454912518,Musim Dingin
46,Changping,,,2014,78.13882662238827,,1.0,109.83150684931506,Musim Dingin
47,Changping,,,2015,80.6716153359205,,1.0,114.94877384196184,Musim Dingin
48,Changping,,,2016,63.524432416178016,,1.0,80.30446549391068,Musim Dingin
49,Changping,,,2014,95.3212401363403,,2.0,144.54699537750386,Musim Dingin
50,Changping,,,2015,81.4969030636197,,2.0,116.61619190404798,Musim Dingin
51,Changping,,,2016,52.038747416105906,,2.0,57.09869375907112,Musim Dingin
52,Changping,,,2013,84.86944715976975,,3.0,123.43010752688173,Musim Semi
53,Changping,,,2014,87.0568046051917,,3.0,127.84946236559139,Musim Semi
54,Changping,,,2015,94.38432611436727,,3.0,142.65404663923184,Musim Semi
55,Changping,,,2016,85.87739606157069,,3.0,125.46657571623466,Musim Semi
56,Changping,,,2013,68.3135949199927,,4.0,89.98052851182197,Musim Semi
57,Changping,,,2014,94.3923355694348,,4.0,142.6702290076336,Musim Semi
58,Changping,,,2015,72.83400626177624,,4.0,99.11360448807854,Musim Semi
59,Changping,,,2016,76.48780765400484,,4.0,106.49577464788733,Musim Semi
60,Changping,,,2013,82.26497501900728,,5.0,118.16801075268818,Musim Semi
61,Changping,,,2014,73.49089141754014,,5.0,100.4407806191117,Musim Semi
62,Changping,,,2015,67.01158285411313,,5.0,87.34993270524899,Musim Semi
63,Changping,,,2016,62.18163755852889,,5.0,77.59147180192572,Musim Semi
64,Changping,,,2013,74.48290976524635,,6.0,102.44506258692628,Musim Panas
65,Changping,,,2014,53.53204987647824,,6.0,60.11577424023155,Musim Panas
66,Changping,,,2015,61.3337036049646,,6.0,75.8782991202346,Musim Panas
67,Changping,,,2016,57.13322031503849,,6.0,67.39160839160839,Musim Panas
68,Changping,,,2013,56.02430512956829,,7.0,65.15114709851552,Musim Panas
69,Changping,,,2014,73.86159377710624,,7.0,101.18975069252078,Musim Panas
70,Changping,,,2015,56.75020732221271,,7.0,66.61776581426649,Musim Panas
71,Changping,,,2016,57.23744254534445,,7.0,67.60217983651226,Musim Panas
72,Changping,,,2013,57.28786513786514,,8.0,67.70405405405405,Musim Panas
73,Changping,,,2014,61.42225077151053,,8.0,76.057200538358,Musim Panas
74,Changping,,,2015,51.93348683579349,,8.0,56.88602442333786,Musim Panas
75,Changping,,,2016,49.683487996496126,,8.0,52.34010840108401,Musim Panas
76,Changping,,,2013,64.84689955106622,,9.0,82.97638888888889,Musim Gugur
77,Changping,,,2014,62.806650888240846,,9.0,78.85425383542538,Musim Gugur
78,Changping,,,2015,49.063606360636065,,9.0,51.08769448373409,Musim Gugur
79,Changping,,,2016,52.04583748789757,,9.0,57.11301859799714,Musim Gugur
80,Changping,,,2013,73.28804872411871,,10.0,100.03095558546434,Musim Gugur
81,Changping,,,2014,90.92976274371622,,10.0,135.67441860465115,Musim Gugur
82,Changping,,,2015,56.261036763574836,,10.0,65.62944162436548,Musim Gugur
83,Changping,,,2016,71.42300362111683,,10.0,96.26280323450135,Musim Gugur
84,Changping,,,2013,64.02954545454546,,11.0,81.325,Musim Gugur
85,Changping,,,2014,82.65663649113858,,11.0,118.95932678821879,Musim Gugur
86,Changping,,,2015,73.1035673187572,,11.0,99.65822784810126,Musim Gugur
87,Changping,,,2016,83.01704545454545,,11.0,119.6875,Musim Gugur
88,Changping,,,2013,63.78952155968285,,12.0,80.84005376344086,Musim Dingin
89,Changping,,,2014,67.40588072505881,,12.0,88.14657534246575,Musim Dingin
90,Changping,,,2015,97.12834630457581,,12.0,148.19808743169398,Musim Dingin
91,Changping,,,2016,86.09205260148656,,12.0,125.90026954177898,Musim Dingin
92,Dingling,,,2014,72.42904775914485,,1.0,98.29542302357837,Musim Dingin
93,Dingling,,,2015,70.14900850248736,,1.0,93.6888130968622,Musim Dingin
94,Dingling,,,2016,59.74593581241781,,1.0,72.67036011080333,Musim Dingin
95,Dingling,,,2014,93.2646953405018,,2.0,140.39193548387098,Musim Dingin
96,Dingling,,,2015,75.48305976430976,,2.0,104.46577380952381,Musim Dingin
97,Dingling,,,2016,48.89340273183068,,2.0,50.743813682678315,Musim Dingin
98,Dingling,,,2013,78.37626604338377,,3.0,110.31123139377537,Musim Semi
99,Dingling,,,2014,79.56717919436628,,3.0,112.71736204576042,Musim Semi
100,Dingling,,,2015,85.45043771043771,,3.0,124.60394557823129,Musim Semi
101,Dingling,,,2016,88.65262447117836,,3.0,131.07366984993178,Musim Semi
102,Dingling,,,2013,63.44745325596389,,4.0,80.14893617021276,Musim Semi
103,Dingling,,,2014,81.69470241988228,,4.0,117.0158273381295,Musim Semi
104,Dingling,,,2015,69.37968384409062,,4.0,92.13446327683616,Musim Semi
105,Dingling,,,2016,81.21848427780631,,4.0,116.05367231638418,Musim Semi
106,Dingling,,,2013,80.24815956171888,,5.0,114.09322033898304,Musim Semi
107,Dingling,,,2014,59.44886879696144,,5.0,72.07016348773843,Musim Semi
108,Dingling,,,2015,65.69905979743157,,5.0,84.69810040705563,Musim Semi
109,Dingling,,,2016,64.54511784511784,,5.0,82.36666666666666,Musim Semi
110,Dingling,,,2013,66.97702515349575,,6.0,87.28011204481793,Musim Panas
111,Dingling,,,2014,44.82178932178932,,6.0,42.51749271137026,Musim Panas
112,Dingling,,,2015,57.57523491540228,,6.0,68.28465829846583,Musim Panas
113,Dingling,,,2016,55.41525280661771,,6.0,63.920612813370475,Musim Panas
114,Dingling,,,2013,51.92049389074885,,7.0,56.859773371104815,Musim Panas
115,Dingling,,,2014,67.56714257964258,,7.0,88.47239010989011,Musim Panas
116,Dingling,,,2015,55.419486531986536,,7.0,63.92916666666667,Musim Panas
117,Dingling,,,2016,54.51717171717171,,7.0,62.10612244897959,Musim Panas
118,Dingling,,,2013,49.264332514332516,,8.0,51.49324324324324,Musim Panas
119,Dingling,,,2014,57.24619528619529,,8.0,67.61986394557823,Musim Panas
120,Dingling,,,2015,52.004633616270965,,8.0,57.029769959404604,Musim Panas
121,Dingling,,,2016,45.85951910408432,,8.0,44.61413043478261,Musim Panas
122,Dingling,,,2013,54.62109203927386,,9.0,62.31608391608392,Musim Gugur
123,Dingling,,,2014,58.90834949782318,,9.0,70.97809388335703,Musim Gugur
124,Dingling,,,2015,47.671343842891964,,9.0,48.274755927475596,Musim Gugur
125,Dingling,,,2016,48.65382048715382,,9.0,50.25975975975976,Musim Gugur
126,Dingling,,,2013,67.72001262626263,,10.0,88.78125,Musim Gugur
127,Dingling,,,2014,86.42462774887842,,10.0,126.57220708446866,Musim Gugur
128,Dingling,,,2015,57.246882998926594,,10.0,67.62125340599455,Musim Gugur
129,Dingling,,,2016,64.55097059985329,,10.0,82.37849162011173,Musim Gugur
130,Dingling,,,2013,59.32878155687614,,11.0,71.82753824756607,Musim Gugur
131,Dingling,,,2014,68.22306890382204,,11.0,89.7976290097629,Musim Gugur
132,Dingling,,,2015,68.52275227522752,,11.0,90.4031117397454,Musim Gugur
133,Dingling,,,2016,73.08660420359585,,11.0,99.62395543175488,Musim Gugur
134,Dingling,,,2013,55.566458664709,,12.0,64.22611036339165,Musim Dingin
135,Dingling,,,2014,55.837775843247805,,12.0,64.77428180574556,Musim Dingin
136,Dingling,,,2015,88.74435490640477,,12.0,131.2590027700831,Musim Dingin
137,Dingling,,,2016,76.33241505968779,,12.0,106.18181818181819,Musim Dingin
138,Dongsi,,,2014,79.4936026936027,,1.0,112.56870748299319,Musim Dingin
139,Dongsi,,,2015,81.34828282828283,,1.0,116.31591836734694,Musim Dingin
140,Dongsi,,,2016,67.3633100860557,,1.0,88.06056527590847,Musim Dingin
141,Dongsi,,,2014,96.33964068162541,,2.0,146.60458015267176,Musim Dingin
142,Dongsi,,,2015,87.68470957708627,,2.0,129.11808669656205,Musim Dingin
143,Dongsi,,,2016,53.876715128160214,,2.0,60.8121387283237,Musim Dingin
144,Dongsi,,,2013,88.62750142938822,,3.0,131.02291105121293,Musim Semi
145,Dongsi,,,2014,88.2744266351265,,3.0,130.30955585464335,Musim Semi
146,Dongsi,,,2015,106.83672655516918,,3.0,167.8129781420765,Musim Semi
147,Dongsi,,,2016,95.41828002244668,,3.0,144.74305555555554,Musim Semi
148,Dongsi,,,2013,72.56604938271605,,4.0,98.57222222222222,Musim Semi
149,Dongsi,,,2014,96.7807486631016,,4.0,147.49579831932772,Musim Semi
150,Dongsi,,,2015,84.49762412861006,,4.0,122.67887323943663,Musim Semi
151,Dongsi,,,2016,82.03745791245791,,4.0,117.70833333333333,Musim Semi
152,Dongsi,,,2013,89.10379330943849,,5.0,131.98521505376345,Musim Semi
153,Dongsi,,,2014,85.10968653930611,,5.0,123.91548913043479,Musim Semi
154,Dongsi,,,2015,69.61463693539164,,5.0,92.60916442048517,Musim Semi
155,Dongsi,,,2016,65.7213480963481,,5.0,84.74313186813187,Musim Semi
156,Dongsi,,,2013,81.02808333684551,,6.0,115.66898470097358,Musim Panas
157,Dongsi,,,2014,61.9143946428069,,6.0,77.05153203342618,Musim Panas
158,Dongsi,,,2015,64.29713188220231,,6.0,81.8656338028169,Musim Panas
159,Dongsi,,,2016,60.48565839942542,,6.0,74.16490166414523,Musim Panas
160,Dongsi,,,2013,63.761892786789055,,7.0,80.78423236514523,Musim Panas
161,Dongsi,,,2014,72.88264561948773,,7.0,99.21187584345479,Musim Panas
162,Dongsi,,,2015,64.70337289448999,,7.0,82.6864064602961,Musim Panas
163,Dongsi,,,2016,63.44598155467721,,7.0,80.14596273291926,Musim Panas
164,Dongsi,,,2013,66.51766225473122,,8.0,86.35201149425288,Musim Panas
165,Dongsi,,,2014,64.31000571755288,,8.0,81.89164420485174,Musim Panas
166,Dongsi,,,2015,57.85371280371281,,8.0,68.8472972972973,Musim Panas
167,Dongsi,,,2016,52.502883081830454,,8.0,58.036437246963565,Musim Panas
168,Dongsi,,,2013,73.37957570130271,,9.0,100.2158774373259,Musim Gugur
169,Dongsi,,,2014,70.75316587291552,,9.0,94.90945757997217,Musim Gugur
170,Dongsi,,,2015,58.78854184301112,,9.0,70.73603351955308,Musim Gugur
171,Dongsi,,,2016,59.437847268035945,,9.0,72.04789550072569,Musim Gugur
172,Dongsi,,,2013,77.70456249403618,,10.0,108.95411605937922,Musim Gugur
173,Dongsi,,,2014,102.11120640365924,,10.0,158.26549865229111,Musim Gugur
174,Dongsi,,,2015,75.82258903397114,,10.0,105.15176151761517,Musim Gugur
175,Dongsi,,,2016,83.05410541054107,,10.0,119.76237623762377,Musim Gugur
176,Dongsi,,,2013,73.02903864795381,,11.0,99.5076495132128,Musim Gugur
177,Dongsi,,,2014,90.52064420428056,,11.0,134.84783216783217,Musim Gugur
178,Dongsi,,,2015,89.6477698331631,,11.0,133.08426966292134,Musim Gugur
179,Dongsi,,,2016,93.19581930415262,,11.0,140.25277777777777,Musim Gugur
180,Dongsi,,,2013,70.57778049310308,,12.0,94.55510752688173,Musim Dingin
181,Dongsi,,,2014,73.10744580716764,,12.0,99.66606397774686,Musim Dingin
182,Dongsi,,,2015,109.26435316530296,,12.0,172.71777476255087,Musim Dingin
183,Dongsi,,,2016,116.93886373832537,,12.0,188.22341857335127,Musim Dingin
184,Guanyuan,,,2014,89.52727272727273,,1.0,132.84081632653061,Musim Dingin
185,Guanyuan,,,2015,76.18555914334601,,1.0,105.88510928961747,Musim Dingin
186,Guanyuan,,,2016,65.82783419660943,,1.0,84.95827725437415,Musim Dingin
187,Guanyuan,,,2014,98.94633451075168,,2.0,151.87116564417178,Musim Dingin
188,Guanyuan,,,2015,80.57138549675864,,2.0,114.74626865671642,Musim Dingin
189,Guanyuan,,,2016,51.93427066049544,,2.0,56.887608069164266,Musim Dingin
190,Guanyuan,,,2013,87.54688393367638,,3.0,128.83962264150944,Musim Semi
191,Guanyuan,,,2014,89.7623954599761,,3.0,133.31586021505376,Musim Semi
192,Guanyuan,,,2015,91.59914265268488,,3.0,137.0268392370572,Musim Semi
193,Guanyuan,,,2016,94.97352791213638,,3.0,143.84447476125513,Musim Semi
194,Guanyuan,,,2013,71.31912439154779,,4.0,96.05292479108635,Musim Semi
195,Guanyuan,,,2014,91.86392009987514,,4.0,137.56179775280899,Musim Semi
196,Guanyuan,,,2015,83.0179193060549,,4.0,119.68926553672317,Musim Semi
197,Guanyuan,,,2016,87.54598167856278,,4.0,128.83779971791256,Musim Semi
198,Guanyuan,,,2013,91.01606651392672,,5.0,135.84878744650499,Musim Semi
199,Guanyuan,,,2014,85.30441441441441,,5.0,124.30891891891892,Musim Semi
200,Guanyuan,,,2015,76.81238638072196,,5.0,107.15155615696888,Musim Semi
201,Guanyuan,,,2016,73.22895622895624,,5.0,99.91156462585035,Musim Semi
202,Guanyuan,,,2013,84.20360770430312,,6.0,122.08484005563282,Musim Panas
203,Guanyuan,,,2014,61.58118037116646,,6.0,76.37830319888734,Musim Panas
204,Guanyuan,,,2015,65.17815408991879,,6.0,83.64565826330532,Musim Panas
205,Guanyuan,,,2016,66.42281954834256,,6.0,86.16039051603906,Musim Panas
206,Guanyuan,,,2013,63.06244392347544,,7.0,79.37106017191977,Musim Panas
207,Guanyuan,,,2014,78.52542205269478,,7.0,110.61258741258742,Musim Panas
208,Guanyuan,,,2015,63.603104212860316,,7.0,80.46341463414635,Musim Panas
209,Guanyuan,,,2016,66.73072533242025,,7.0,86.78248587570621,Musim Panas
210,Guanyuan,,,2013,64.3782916649673,,8.0,82.02960969044415,Musim Panas
211,Guanyuan,,,2014,67.22089953589953,,8.0,87.77283783783784,Musim Panas
212,Guanyuan,,,2015,58.21424338886822,,8.0,69.57571623465212,Musim Panas
213,Guanyuan,,,2016,56.20197930724246,,8.0,65.51012145748987,Musim Panas
214,Guanyuan,,,2013,73.2651655443322,,9.0,99.98472222222222,Musim Gugur
215,Guanyuan,,,2014,67.49510913329095,,9.0,88.32685314685314,Musim Gugur
216,Guanyuan,,,2015,57.67211328976035,,9.0,68.48039215686275,Musim Gugur
217,Guanyuan,,,2016,61.90025071373708,,9.0,77.02295552367288,Musim Gugur
218,Guanyuan,,,2013,83.1623910708702,,10.0,119.98115746971736,Musim Gugur
219,Guanyuan,,,2014,97.0953573677151,,10.0,148.13143631436316,Musim Gugur
220,Guanyuan,,,2015,70.48397958075377,,10.0,94.36559139784946,Musim Gugur
221,Guanyuan,,,2016,78.63512845849802,,10.0,110.83423913043478,Musim Gugur
222,Guanyuan,,,2013,76.22177266405362,,11.0,105.95827538247566,Musim Gugur
223,Guanyuan,,,2014,81.91395905457965,,11.0,117.45881523272215,Musim Gugur
224,Guanyuan,,,2015,87.55386495048941,,11.0,128.85372714486638,Musim Gugur
225,Guanyuan,,,2016,96.6441185147722,,11.0,147.21974965229487,Musim Gugur
226,Guanyuan,,,2013,76.77595850982948,,12.0,107.07795698924731,Musim Dingin
227,Guanyuan,,,2014,65.43412414511465,,12.0,84.1628222523745,Musim Dingin
228,Guanyuan,,,2015,106.19190548634239,,12.0,166.5101763907734,Musim Dingin
229,Guanyuan,,,2016,105.34652038555134,,12.0,164.8021534320323,Musim Dingin
230,Gucheng,,,2014,85.39318704284221,,1.0,124.48827586206896,Musim Dingin
231,Gucheng,,,2015,80.72745378311416,,1.0,115.06159029649595,Musim Dingin
232,Gucheng,,,2016,71.51268419689472,,1.0,96.44399460188934,Musim Dingin
233,Gucheng,,,2014,97.73477102311458,,2.0,149.42331288343559,Musim Dingin
234,Gucheng,,,2015,85.19791666666666,,2.0,124.09375,Musim Dingin
235,Gucheng,,,2016,53.491938195266705,,2.0,60.03473227206946,Musim Dingin
236,Gucheng,,,2013,96.26477221470455,,3.0,146.4533152909337,Musim Semi
237,Gucheng,,,2014,100.29110665887526,,3.0,154.58815426997245,Musim Semi
238,Gucheng,,,2015,101.29806236754466,,3.0,156.6226158038147,Musim Semi
239,Gucheng,,,2016,98.93650006201166,,3.0,151.85129604365622,Musim Semi
240,Gucheng,,,2013,78.08110896196003,,4.0,109.71489361702127,Musim Semi
241,Gucheng,,,2014,111.4702005391155,,4.0,177.17448680351907,Musim Semi
242,Gucheng,,,2015,86.49237832874196,,4.0,126.7090909090909,Musim Semi
243,Gucheng,,,2016,90.2137213721372,,4.0,134.22772277227722,Musim Semi
244,Gucheng,,,2013,98.22408365497797,,5.0,150.4119241192412,Musim Semi
245,Gucheng,,,2014,98.5702648102648,,5.0,151.11135135135135,Musim Semi
246,Gucheng,,,2015,79.78631635212368,,5.0,113.16010854816825,Musim Semi
247,Gucheng,,,2016,75.78471444955713,,5.0,105.07523939808482,Musim Semi
248,Gucheng,,,2013,89.18438575701146,,6.0,132.14804469273744,Musim Panas
249,Gucheng,,,2014,69.20108024691358,,6.0,91.77361111111111,Musim Panas
250,Gucheng,,,2015,70.83905155635114,,6.0,95.08298171589311,Musim Panas
251,Gucheng,,,2016,72.03535353535354,,6.0,97.5,Musim Panas
252,Gucheng,,,2013,65.07416087606047,,7.0,83.43554952510176,Musim Panas
253,Gucheng,,,2014,92.0393953025532,,7.0,137.91632928475033,Musim Panas
254,Gucheng,,,2015,65.8923916585207,,7.0,85.08870967741936,Musim Panas
255,Gucheng,,,2016,69.93699477910005,,7.0,93.26045883940621,Musim Panas
256,Gucheng,,,2013,68.15980560320183,,8.0,89.66981132075472,Musim Panas
257,Gucheng,,,2014,76.45618891618892,,8.0,106.4318918918919,Musim Panas
258,Gucheng,,,2015,61.04539287035895,,8.0,75.29579375848033,Musim Panas
259,Gucheng,,,2016,61.32380485012064,,8.0,75.8582995951417,Musim Panas
260,Gucheng,,,2013,73.52536491479468,,9.0,100.51043115438108,Musim Gugur
261,Gucheng,,,2014,80.60739758698092,,9.0,114.81902777777778,Musim Gugur
262,Gucheng,,,2015,61.25022176438607,,9.0,75.70963172804532,Musim Gugur
263,Gucheng,,,2016,69.28242016120805,,9.0,91.93795093795094,Musim Gugur
264,Gucheng,,,2013,83.22892907570326,,10.0,120.11559139784946,Musim Gugur
265,Gucheng,,,2014,104.76580923949345,,10.0,163.6288798920378,Musim Gugur
266,Gucheng,,,2015,78.479035639413,,10.0,110.51886792452831,Musim Gugur
267,Gucheng,,,2016,79.14408233276157,,10.0,111.86253369272237,Musim Gugur
268,Gucheng,,,2013,70.22180076143914,,11.0,93.83588317107093,Musim Gugur
269,Gucheng,,,2014,92.63009141696293,,11.0,139.10977653631286,Musim Gugur
270,Gucheng,,,2015,92.2448150140458,,11.0,138.33136094674558,Musim Gugur
271,Gucheng,,,2016,94.83611884865368,,11.0,143.56685236768803,Musim Gugur
272,Gucheng,,,2013,72.83166340827631,,12.0,99.10887096774194,Musim Dingin
273,Gucheng,,,2014,72.56623219988214,,12.0,98.57259158751697,Musim Dingin
274,Gucheng,,,2015,112.93872053872053,,12.0,180.14149659863946,Musim Dingin
275,Gucheng,,,2016,105.12740922740923,,12.0,164.35945945945946,Musim Dingin
276,Huairou,,,2014,75.20276130873957,,1.0,103.89945652173913,Musim Dingin
277,Huairou,,,2015,70.89528848265262,,1.0,95.19660326086957,Musim Dingin
278,Huairou,,,2016,56.78066182802313,,1.0,66.67929634641408,Musim Dingin
279,Huairou,,,2014,94.90854279226372,,2.0,143.71317829457365,Musim Dingin
280,Huairou,,,2015,74.96487312887916,,2.0,103.41882530120483,Musim Dingin
281,Huairou,,,2016,48.403484921574645,,2.0,49.75397973950796,Musim Dingin
282,Huairou,,,2013,82.1811502337818,,3.0,117.99865047233469,Musim Semi
283,Huairou,,,2014,82.91758987726729,,3.0,119.48655913978494,Musim Semi
284,Huairou,,,2015,89.89537923696611,,3.0,133.5845417236662,Musim Semi
285,Huairou,,,2016,80.12110202845898,,3.0,113.83651226158038,Musim Semi
286,Huairou,,,2013,70.71870515742383,,4.0,94.83983286908078,Musim Semi
287,Huairou,,,2014,87.62557424031695,,4.0,128.99860917941587,Musim Semi
288,Huairou,,,2015,73.29681527760069,,4.0,100.04866760168302,Musim Semi
289,Huairou,,,2016,77.14935481987506,,4.0,107.83236994219654,Musim Semi
290,Huairou,,,2013,90.70142546964978,,5.0,135.21308411214955,Musim Semi
291,Huairou,,,2014,69.48953452046236,,5.0,92.35640648011783,Musim Semi
292,Huairou,,,2015,67.05957690108633,,5.0,87.44690026954177,Musim Semi
293,Huairou,,,2016,64.23888751272948,,5.0,81.74795640326975,Musim Semi
294,Huairou,,,2013,80.7732744107744,,6.0,115.15416666666667,Musim Panas
295,Huairou,,,2014,56.804972804972806,,6.0,66.72841444270016,Musim Panas
296,Huairou,,,2015,58.16634036999206,,6.0,69.47893258426966,Musim Panas
297,Huairou,,,2016,57.78708986658778,,6.0,68.71269177126918,Musim Panas
298,Huairou,,,2013,66.3834572136459,,7.0,86.08086253369272,Musim Panas
299,Huairou,,,2014,81.32503637776365,,7.0,116.26895104895105,Musim Panas
300,Huairou,,,2015,55.207403782100954,,7.0,63.5006729475101,Musim Panas
301,Huairou,,,2016,57.08177667081777,,7.0,67.28767123287672,Musim Panas
302,Huairou,,,2013,60.9283400038117,,8.0,75.05929919137466,Musim Panas
303,Huairou,,,2014,60.55483548354836,,8.0,74.30466760961811,Musim Panas
304,Huairou,,,2015,52.487531137937644,,8.0,58.00542005420054,Musim Panas
305,Huairou,,,2016,49.616559077888795,,8.0,52.204884667571235,Musim Panas
306,Huairou,,,2013,67.9128367003367,,9.0,89.17083333333333,Musim Gugur
307,Huairou,,,2014,61.43736220983011,,9.0,76.08773181169758,Musim Gugur
308,Huairou,,,2015,49.77857001386413,,9.0,52.53221288515406,Musim Gugur
309,Huairou,,,2016,51.40880784243616,,9.0,55.825958702064895,Musim Gugur
310,Huairou,,,2013,71.98678994243511,,10.0,97.40188172043011,Musim Gugur
311,Huairou,,,2014,81.2942760942761,,10.0,116.20680272108844,Musim Gugur
312,Huairou,,,2015,62.710451397443265,,10.0,78.65989159891599,Musim Gugur
313,Huairou,,,2016,69.78139889460644,,10.0,92.94609164420486,Musim Gugur
314,Huairou,,,2013,61.108947612424664,,11.0,75.42420027816412,Musim Gugur
315,Huairou,,,2014,70.52482825473089,,11.0,94.4481223922114,Musim Gugur
316,Huairou,,,2015,73.48064806480647,,11.0,100.42008486562942,Musim Gugur
317,Huairou,,,2016,81.73367893117546,,11.0,117.09457579972184,Musim Gugur
318,Huairou,,,2013,59.328757419921516,,12.0,71.82748948106592,Musim Dingin
319,Huairou,,,2014,57.464643666582724,,12.0,68.06121883656509,Musim Dingin
320,Huairou,,,2015,88.90292339953126,,12.0,131.57937584803256,Musim Dingin
321,Huairou,,,2016,78.59609536222439,,12.0,110.75537634408602,Musim Dingin
322,Nongzhanguan,,,2014,91.14350590372388,,1.0,136.10626702997274,Musim Dingin
323,Nongzhanguan,,,2015,88.6596369096369,,1.0,131.08783783783784,Musim Dingin
324,Nongzhanguan,,,2016,63.31918648854133,,1.0,79.88978494623656,Musim Dingin
325,Nongzhanguan,,,2014,103.51610910326507,,2.0,161.1039755351682,Musim Dingin
326,Nongzhanguan,,,2015,85.44140360384772,,2.0,124.58569299552906,Musim Dingin
327,Nongzhanguan,,,2016,50.25187028789334,,2.0,53.48847262247838,Musim Dingin
328,Nongzhanguan,,,2013,86.70031404217139,,3.0,127.1292059219381,Musim Semi
329,Nongzhanguan,,,2014,92.83986369067014,,3.0,139.53360215053763,Musim Semi
330,Nongzhanguan,,,2015,92.54732865848568,,3.0,138.94256198347108,Musim Semi
331,Nongzhanguan,,,2016,88.93511408361545,,3.0,131.64441416893732,Musim Semi
332,Nongzhanguan,,,2013,71.7761762268021,,4.0,96.97635605006954,Musim Semi
333,Nongzhanguan,,,2014,93.4542576764799,,4.0,140.77492877492878,Musim Semi
334,Nongzhanguan,,,2015,80.21754802931272,,4.0,114.0313725490196,Musim Semi
335,Nongzhanguan,,,2016,77.06010601060106,,4.0,107.65205091937766,Musim Semi
336,Nongzhanguan,,,2013,87.68288538140489,,5.0,129.114401076716,Musim Semi
337,Nongzhanguan,,,2014,87.97882001201503,,5.0,129.71230982019364,Musim Semi
338,Nongzhanguan,,,2015,72.55140033624473,,5.0,98.5426251691475,Musim Semi
339,Nongzhanguan,,,2016,65.6111525086935,,5.0,84.52049180327869,Musim Semi
340,Nongzhanguan,,,2013,77.05881440099317,,6.0,107.64944134078212,Musim Panas
341,Nongzhanguan,,,2014,66.5188156070509,,6.0,86.35434173669468,Musim Panas
342,Nongzhanguan,,,2015,64.66261635967518,,6.0,82.60406162464986,Musim Panas
343,Nongzhanguan,,,2016,61.67922278338945,,6.0,76.57638888888889,Musim Panas
344,Nongzhanguan,,,2013,58.940508721127834,,7.0,71.04306864064603,Musim Panas
345,Nongzhanguan,,,2014,78.42717506557285,,7.0,110.41408839779005,Musim Panas
346,Nongzhanguan,,,2015,61.070856614598206,,7.0,75.34724091520862,Musim Panas
347,Nongzhanguan,,,2016,61.306988806988805,,7.0,75.82432432432432,Musim Panas
348,Nongzhanguan,,,2013,60.79879769353454,,8.0,74.79757085020243,Musim Panas
349,Nongzhanguan,,,2014,67.24560137036585,,8.0,87.8227456258412,Musim Panas
350,Nongzhanguan,,,2015,55.63513513513514,,8.0,64.36486486486487,Musim Panas
351,Nongzhanguan,,,2016,53.17671337026176,,8.0,59.39784946236559,Musim Panas
352,Nongzhanguan,,,2013,72.95631805520385,,9.0,99.36072423398329,Musim Gugur
353,Nongzhanguan,,,2014,70.9001200120012,,9.0,95.2063649222065,Musim Gugur
354,Nongzhanguan,,,2015,55.150120451375685,,9.0,63.38493723849373,Musim Gugur
355,Nongzhanguan,,,2016,60.3898584700877,,9.0,73.97134670487107,Musim Gugur
356,Nongzhanguan,,,2013,78.83174952757726,,10.0,111.23149394347242,Musim Gugur
357,Nongzhanguan,,,2014,106.5608153356772,,10.0,167.25552486187846,Musim Gugur
358,Nongzhanguan,,,2015,73.48958287386236,,10.0,100.43813682678312,Musim Gugur
359,Nongzhanguan,,,2016,76.83770133770133,,10.0,107.20270270270271,Musim Gugur
360,Nongzhanguan,,,2013,76.02695944142397,,11.0,105.56467315716273,Musim Gugur
361,Nongzhanguan,,,2014,93.27731639158151,,11.0,140.41743515850143,Musim Gugur
362,Nongzhanguan,,,2015,89.34108764411795,,11.0,132.46464646464648,Musim Gugur
363,Nongzhanguan,,,2016,95.61625982042648,,11.0,145.14305555555555,Musim Gugur
364,Nongzhanguan,,,2013,80.8014146844792,,12.0,115.21102150537635,Musim Dingin
365,Nongzhanguan,,,2014,80.299644723093,,12.0,114.19724137931034,Musim Dingin
366,Nongzhanguan,,,2015,105.53131313131313,,12.0,165.17551020408163,Musim Dingin
367,Nongzhanguan,,,2016,106.46382103584321,,12.0,167.0595567867036,Musim Dingin
368,Shunyi,,,2014,79.60212245574763,,1.0,112.78796169630643,Musim Dingin
369,Shunyi,,,2015,77.98708749621557,,1.0,109.524931880109,Musim Dingin
370,Shunyi,,,2016,62.03068523068523,,1.0,77.28648648648648,Musim Dingin
371,Shunyi,,,2014,97.6586267661034,,2.0,149.26947040498442,Musim Dingin
372,Shunyi,,,2015,80.91110203834754,,2.0,115.43263473053892,Musim Dingin
373,Shunyi,,,2016,50.16742167685564,,2.0,53.31785195936139,Musim Dingin
374,Shunyi,,,2013,83.21015985093655,,3.0,120.07766990291262,Musim Semi
375,Shunyi,,,2014,89.34661127403064,,3.0,132.4758064516129,Musim Semi
376,Shunyi,,,2015,92.9126207429486,,3.0,139.68060109289618,Musim Semi
377,Shunyi,,,2016,83.90320330375579,,3.0,121.47790055248619,Musim Semi
378,Shunyi,,,2013,65.02356902356902,,4.0,83.33333333333333,Musim Semi
379,Shunyi,,,2014,93.5918152315927,,4.0,141.0528511821975,Musim Semi
380,Shunyi,,,2015,78.75356096172997,,4.0,111.07352112676055,Musim Semi
381,Shunyi,,,2016,78.32869391590322,,4.0,110.21511627906976,Musim Semi
382,Shunyi,,,2013,85.77369930801964,,5.0,125.257065948856,Musim Semi
383,Shunyi,,,2014,78.19533442533442,,5.0,109.94567567567567,Musim Semi
384,Shunyi,,,2015,65.37521440823328,,5.0,84.04380053908356,Musim Semi
385,Shunyi,,,2016,59.63840424446485,,5.0,72.45310245310246,Musim Semi
386,Shunyi,,,2013,79.74149000435509,,6.0,113.06954102920723,Musim Panas
387,Shunyi,,,2014,60.946888237210814,,6.0,75.09677419354838,Musim Panas
388,Shunyi,,,2015,62.70267471347415,,6.0,78.64417952314166,Musim Panas
389,Shunyi,,,2016,55.99480722720159,,6.0,65.09154929577464,Musim Panas
390,Shunyi,,,2013,58.51600272386789,,7.0,70.18539325842697,Musim Panas
391,Shunyi,,,2014,79.89582036582036,,7.0,113.38135135135134,Musim Panas
392,Shunyi,,,2015,59.36938889570468,,7.0,71.90958164642375,Musim Panas
393,Shunyi,,,2016,58.9370899537798,,7.0,71.03616133518776,Musim Panas
394,Shunyi,,,2013,58.42557293363745,,8.0,70.00268817204301,Musim Panas
395,Shunyi,,,2014,64.95978296478296,,8.0,83.20445945945946,Musim Panas
396,Shunyi,,,2015,54.01959651005973,,8.0,61.1008174386921,Musim Panas
397,Shunyi,,,2016,52.69018564018564,,8.0,58.41486486486487,Musim Panas
398,Shunyi,,,2013,69.3378787878788,,9.0,92.05,Musim Gugur
399,Shunyi,,,2014,65.18348287342701,,9.0,83.65642458100558,Musim Gugur
400,Shunyi,,,2015,53.86586141131596,,9.0,60.79020979020979,Musim Gugur
401,Shunyi,,,2016,54.791803483753945,,9.0,62.6609907120743,Musim Gugur
402,Shunyi,,,2013,77.3135935397039,,10.0,108.16419919246299,Musim Gugur
403,Shunyi,,,2014,87.06961211026251,,10.0,127.87533875338754,Musim Gugur
404,Shunyi,,,2015,68.34597324597324,,10.0,90.04594594594595,Musim Gugur
405,Shunyi,,,2016,73.24538587003175,,10.0,99.94475920679886,Musim Gugur
406,Shunyi,,,2013,67.37050617440048,,11.0,88.07510431154381,Musim Gugur
407,Shunyi,,,2014,83.46771501834615,,11.0,120.59803646563815,Musim Gugur
408,Shunyi,,,2015,82.79575269048954,,11.0,119.24039829302987,Musim Gugur
409,Shunyi,,,2016,84.68543771043772,,11.0,123.05833333333334,Musim Gugur
410,Shunyi,,,2013,61.23096007306534,,12.0,75.67071524966262,Musim Dingin
411,Shunyi,,,2014,66.04564315352697,,12.0,85.39834024896265,Musim Dingin
412,Shunyi,,,2015,101.49436674436674,,12.0,157.01923076923077,Musim Dingin
413,Shunyi,,,2016,88.44473032208882,,12.0,130.65363881401618,Musim Dingin
414,Tiantan,,,2014,85.39660048763497,,1.0,124.4951724137931,Musim Dingin
415,Tiantan,,,2015,80.94678858954907,,1.0,115.50473612990528,Musim Dingin
416,Tiantan,,,2016,66.90985427827533,,1.0,87.14439946018894,Musim Dingin
417,Tiantan,,,2014,95.30304621013283,,2.0,144.51023622047245,Musim Dingin
418,Tiantan,,,2015,83.81935600415481,,2.0,121.30849478390462,Musim Dingin
419,Tiantan,,,2016,54.00683603713907,,2.0,61.075036075036074,Musim Dingin
420,Tiantan,,,2013,84.37001594896331,,3.0,122.42105263157895,Musim Semi
421,Tiantan,,,2014,86.63836208654513,,3.0,127.00403768506057,Musim Semi
422,Tiantan,,,2015,90.96185659605632,,3.0,135.7392612859097,Musim Semi
423,Tiantan,,,2016,85.44875568268182,,3.0,124.60054719562244,Musim Semi
424,Tiantan,,,2013,68.53653691729005,,4.0,90.43096234309624,Musim Semi
425,Tiantan,,,2014,86.37396404437078,,4.0,126.46984572230014,Musim Semi
426,Tiantan,,,2015,78.09660793326523,,4.0,109.74620786516854,Musim Semi
427,Tiantan,,,2016,79.1376660588695,,4.0,111.84957020057307,Musim Semi
428,Tiantan,,,2013,92.22555746140651,,5.0,138.29245283018867,Musim Semi
429,Tiantan,,,2014,80.52944262989172,,5.0,114.66152694610777,Musim Semi
430,Tiantan,,,2015,70.28831558831558,,5.0,93.97027027027028,Musim Semi
431,Tiantan,,,2016,66.26666666666667,,5.0,85.84489795918367,Musim Semi
432,Tiantan,,,2013,90.12309989715848,,6.0,134.04463040446305,Musim Panas
433,Tiantan,,,2014,64.81415841443892,,6.0,82.91023842917251,Musim Panas
434,Tiantan,,,2015,63.181629857901044,,6.0,79.61186440677966,Musim Panas
435,Tiantan,,,2016,64.16036596627315,,6.0,81.58931082981717,Musim Panas
436,Tiantan,,,2013,65.41540404040404,,7.0,84.125,Musim Panas
437,Tiantan,,,2014,81.1256133732453,,7.0,115.8660351826793,Musim Panas
438,Tiantan,,,2015,61.30474117872492,,7.0,75.81978319783198,Musim Panas
439,Tiantan,,,2016,61.525034125034125,,7.0,76.26486486486486,Musim Panas
440,Tiantan,,,2013,64.54482918009163,,8.0,82.36608344549126,Musim Panas
441,Tiantan,,,2014,64.80474803747785,,8.0,82.89122562674095,Musim Panas
442,Tiantan,,,2015,54.2971250971251,,8.0,61.66153846153846,Musim Panas
443,Tiantan,,,2016,52.91725680720246,,8.0,58.87364130434783,Musim Panas
444,Tiantan,,,2013,76.36356572720209,,9.0,106.24475524475524,Musim Gugur
445,Tiantan,,,2014,65.81456523274704,,9.0,84.93146853146852,Musim Gugur
446,Tiantan,,,2015,54.04986484563949,,9.0,61.16197183098591,Musim Gugur
447,Tiantan,,,2016,57.89653368214519,,9.0,68.93381294964028,Musim Gugur
448,Tiantan,,,2013,82.55768708591289,,10.0,118.75940860215054,Musim Gugur
449,Tiantan,,,2014,92.672942609829,,10.0,139.19635343618512,Musim Gugur
450,Tiantan,,,2015,67.79901162159226,,10.0,88.94086021505376,Musim Gugur
451,Tiantan,,,2016,71.62646765353125,,10.0,96.67388362652233,Musim Gugur
452,Tiantan,,,2013,75.03155336395949,,11.0,103.55354659248957,Musim Gugur
453,Tiantan,,,2014,85.77565132389817,,11.0,125.26100981767182,Musim Gugur
454,Tiantan,,,2015,86.76447644764477,,11.0,127.25884016973126,Musim Gugur
455,Tiantan,,,2016,88.48399151458956,,11.0,130.73296244784422,Musim Gugur
456,Tiantan,,,2013,74.50743999131096,,12.0,102.49462365591398,Musim Dingin
457,Tiantan,,,2014,77.46215542521993,,12.0,108.46435483870967,Musim Dingin
458,Tiantan,,,2015,105.47067138779096,,12.0,165.05298913043478,Musim Dingin
459,Tiantan,,,2016,112.32370878597294,,12.0,178.8989218328841,Musim Dingin
460,Wanliu,,,2014,93.99965828788562,,1.0,141.8768606224628,Musim Dingin
461,Wanliu,,,2015,86.18931247963505,,1.0,126.09677419354838,Musim Dingin
462,Wanliu,,,2016,64.26758147512865,,1.0,81.80592991913747,Musim Dingin
463,Wanliu,,,2014,103.6511052330348,,2.0,161.37672281776418,Musim Dingin
464,Wanliu,,,2015,86.7517778683698,,2.0,127.23318385650224,Musim Dingin
465,Wanliu,,,2016,51.1740560452572,,2.0,55.35166425470333,Musim Dingin
466,Wanliu,,,2013,95.83607016107017,,3.0,145.58716216216217,Musim Semi
467,Wanliu,,,2014,98.37744379276637,,3.0,150.72177419354838,Musim Semi
468,Wanliu,,,2015,99.33690235690236,,3.0,152.66027210884354,Musim Semi
469,Wanliu,,,2016,92.24781972732791,,3.0,138.33743169398906,Musim Semi
470,Wanliu,,,2013,77.44395205537266,,4.0,108.4275766016713,Musim Semi
471,Wanliu,,,2014,101.937177328844,,4.0,157.9138888888889,Musim Semi
472,Wanliu,,,2015,85.46031746031747,,4.0,124.62390670553935,Musim Semi
473,Wanliu,,,2016,75.17782906640453,,4.0,103.8490832157969,Musim Semi
474,Wanliu,,,2013,88.15656565656568,,5.0,130.07142857142858,Musim Semi
475,Wanliu,,,2014,89.40601295978654,,5.0,132.59582210242587,Musim Semi
476,Wanliu,,,2015,70.66523727844482,,5.0,94.73180592991913,Musim Semi
477,Wanliu,,,2016,59.11033095179437,,5.0,71.38617886178862,Musim Semi
478,Wanliu,,,2013,80.35708130253585,,6.0,114.31328671328671,Musim Panas
479,Wanliu,,,2014,66.5816158806423,,6.0,86.48122392211404,Musim Panas
480,Wanliu,,,2015,64.92524549112292,,6.0,83.13467966573816,Musim Panas
481,Wanliu,,,2016,61.097108727726706,,6.0,75.4002808988764,Musim Panas
482,Wanliu,,,2013,63.49396802028381,,7.0,80.24291497975709,Musim Panas
483,Wanliu,,,2014,84.16494691191865,,7.0,122.00672947510094,Musim Panas
484,Wanliu,,,2015,62.98722439448246,,7.0,79.21908602150538,Musim Panas
485,Wanliu,,,2016,63.25452085127322,,7.0,79.75913396481732,Musim Panas
486,Wanliu,,,2013,66.19021982951996,,8.0,85.69044414535666,Musim Panas
487,Wanliu,,,2014,74.98016997936352,,8.0,103.4497311827957,Musim Panas
488,Wanliu,,,2015,56.38383838383838,,8.0,65.87755102040816,Musim Panas
489,Wanliu,,,2016,52.343911449174605,,8.0,57.715249662618085,Musim Panas
490,Wanliu,,,2013,74.44917885390764,,9.0,102.3769123783032,Musim Gugur
491,Wanliu,,,2014,71.72321825497312,,9.0,96.86935933147632,Musim Gugur
492,Wanliu,,,2015,56.14789242637344,,9.0,65.40084388185655,Musim Gugur
493,Wanliu,,,2016,56.508972243929264,,9.0,66.13037249283667,Musim Gugur
494,Wanliu,,,2013,86.53524492234169,,10.0,126.79569892473118,Musim Gugur
495,Wanliu,,,2014,102.57823072541092,,10.0,159.20907840440165,Musim Gugur
496,Wanliu,,,2015,66.90667605011868,,10.0,87.1379781420765,Musim Gugur
497,Wanliu,,,2016,73.18200876691442,,10.0,99.81671159029649,Musim Gugur
498,Wanliu,,,2013,79.70157126823793,,11.0,112.9888888888889,Musim Gugur
499,Wanliu,,,2014,95.6881205825965,,11.0,145.28824362606233,Musim Gugur
500,Wanliu,,,2015,82.53664817185944,,11.0,118.71690140845071,Musim Gugur
501,Wanliu,,,2016,90.48322109988777,,11.0,134.7722222222222,Musim Gugur
502,Wanliu,,,2013,81.2359443491519,,12.0,116.088948787062,Musim Dingin
503,Wanliu,,,2014,77.40952322134387,,12.0,108.35801630434783,Musim Dingin
504,Wanliu,,,2015,101.70854690340482,,12.0,157.45196211096075,Musim Dingin
505,Wanliu,,,2016,96.60721187451175,,12.0,147.14518317503394,Musim Dingin
506,Wanshouxigong,,,2014,100.01059629443607,,1.0,154.021408839779,Musim Dingin
507,Wanshouxigong,,,2015,87.34647960085375,,1.0,128.43472409152085,Musim Dingin
508,Wanshouxigong,,,2016,67.7981438197947,,1.0,88.93910690121787,Musim Dingin
509,Wanshouxigong,,,2014,108.96192696192696,,2.0,172.10675039246468,Musim Dingin
510,Wanshouxigong,,,2015,90.12021709633649,,2.0,134.03880597014924,Musim Dingin
511,Wanshouxigong,,,2016,52.21579163730327,,2.0,57.45639534883721,Musim Dingin
512,Wanshouxigong,,,2013,88.21700879765396,,3.0,130.19354838709677,Musim Semi
513,Wanshouxigong,,,2014,101.6806966026347,,3.0,157.3956931359354,Musim Semi
514,Wanshouxigong,,,2015,99.90829273663061,,3.0,153.81471389645776,Musim Semi
515,Wanshouxigong,,,2016,88.4307241350838,,3.0,130.62534059945503,Musim Semi
516,Wanshouxigong,,,2013,70.32299349545525,,4.0,94.04033379694019,Musim Semi
517,Wanshouxigong,,,2014,93.6420674056279,,4.0,141.15438108484005,Musim Semi
518,Wanshouxigong,,,2015,82.94483623256542,,4.0,119.54160789844852,Musim Semi
519,Wanshouxigong,,,2016,78.49245326831534,,4.0,110.54597701149426,Musim Semi
520,Wanshouxigong,,,2013,87.64289399370045,,5.0,129.03360215053763,Musim Semi
521,Wanshouxigong,,,2014,81.3731692804624,,5.0,116.36619915848529,Musim Semi
522,Wanshouxigong,,,2015,69.09671891327064,,5.0,91.56275862068965,Musim Semi
523,Wanshouxigong,,,2016,70.34444583004253,,5.0,94.08367626886145,Musim Semi
524,Wanshouxigong,,,2013,82.49236796938747,,6.0,118.62743732590529,Musim Panas
525,Wanshouxigong,,,2014,64.1127052649399,,6.0,81.49301675977654,Musim Panas
526,Wanshouxigong,,,2015,63.818011815206766,,6.0,80.8976157082749,Musim Panas
527,Wanshouxigong,,,2016,64.70089615668884,,6.0,82.6814024390244,Musim Panas
528,Wanshouxigong,,,2013,60.390013495276655,,7.0,73.97165991902834,Musim Panas
529,Wanshouxigong,,,2014,78.50476424160635,,7.0,110.57085020242916,Musim Panas
530,Wanshouxigong,,,2015,62.15206041521831,,7.0,77.53171390013495,Musim Panas
531,Wanshouxigong,,,2016,64.32530467720686,,7.0,81.9225543478261,Musim Panas
532,Wanshouxigong,,,2013,64.20554602630074,,8.0,81.68059299191374,Musim Panas
533,Wanshouxigong,,,2014,68.9330927036176,,8.0,91.2321668909825,Musim Panas
534,Wanshouxigong,,,2015,57.45653546332894,,8.0,68.04483695652173,Musim Panas
535,Wanshouxigong,,,2016,55.79119126487547,,8.0,64.68016194331983,Musim Panas
536,Wanshouxigong,,,2013,81.92953142536476,,9.0,117.49027777777778,Musim Gugur
537,Wanshouxigong,,,2014,72.14279882154882,,9.0,97.71708333333333,Musim Gugur
538,Wanshouxigong,,,2015,57.69236398071625,,9.0,68.52130681818181,Musim Gugur
539,Wanshouxigong,,,2016,58.66323232323232,,9.0,70.48285714285714,Musim Gugur
540,Wanshouxigong,,,2013,90.08038720538721,,10.0,133.95833333333334,Musim Gugur
541,Wanshouxigong,,,2014,93.9213797610422,,10.0,141.71870604781998,Musim Gugur
542,Wanshouxigong,,,2015,72.53097007813989,,10.0,98.50134770889488,Musim Gugur
543,Wanshouxigong,,,2016,70.50274676590466,,10.0,94.40350877192982,Musim Gugur
544,Wanshouxigong,,,2013,79.12263103918181,,11.0,111.8191933240612,Musim Gugur
545,Wanshouxigong,,,2014,94.51546815674475,,11.0,142.91900709219857,Musim Gugur
546,Wanshouxigong,,,2015,89.32512448427941,,11.0,132.43239436619717,Musim Gugur
547,Wanshouxigong,,,2016,91.27789001122335,,11.0,136.37777777777777,Musim Gugur
548,Wanshouxigong,,,2013,84.16095001155566,,12.0,121.9986541049798,Musim Dingin
549,Wanshouxigong,,,2014,78.78119980973166,,12.0,111.12936288088642,Musim Dingin
550,Wanshouxigong,,,2015,113.01938378195362,,12.0,180.30446927374302,Musim Dingin
551,Wanshouxigong,,,2016,107.65201270464429,,12.0,169.46018893387316,Musim Dingin
